{
  "drive": {
    "p": 0.00201,
    "i": 0.0000000,
    "d": 0.0009,
    "f": 0,
    "iz": 0
  },
  "angle": {
    "p": 0.0075,
    "i": 0.000,
    "d": 0.07,
    "f": 0.000,
    "iz": 0
  }
}